sha256,file_name,file_type,tlsh_hash,calculated_time
2edab325159fa88e9afb1e5be30f137211be6b6d5662aa0c002de1ced688bab1,2edab325159fa88e9afb1e5be30f137211be6b6d5662aa0c002de1ced688bab1.exe,exe,T12A15335ABB4B11FE7E77B0F4A316CF8A0469917668C0F21D7A655D83B083CF05CA9272,2025-07-16T22:10:49.752467
9ca2e817ff19e5313105b3b468c5390aff48fabe778333d4d2d045659818e73a,9ca2e817ff19e5313105b3b468c5390aff48fabe778333d4d2d045659818e73a.exe,exe,T104E5333A92ED1C0328B0FC07B71E66215D69D4CC69B36F70E98BE99DC701BD286E5712,2025-07-16T22:10:51.141094
f05f20a855cb0b43145b0c778f4dc7d928875f4fea2fa0b732e3ea71a97e28ad,f05f20a855cb0b43145b0c778f4dc7d928875f4fea2fa0b732e3ea71a97e28ad.exe,exe,T1D1B31203A51E7833864DD28FBF7D5DDA931C7FAFA07D837904AD7D19806D4698C94212,2025-07-16T22:10:52.378889
1691f0ab36468cfed1f7ebead04c3b46c11c4d8614aed53ff7060e7e7d669a4c,1691f0ab36468cfed1f7ebead04c3b46c11c4d8614aed53ff7060e7e7d669a4c.exe,exe,T1A0B533CFE096C7F2071797441678AE03B2C1A2EAF1EB1054D5CF76075626A962FCA327,2025-07-16T22:54:57.081062
4ec777ca1708d332e9f7184507430caed00dfbc3f87334275ac0c0631ad007b7,4ec777ca1708d332e9f7184507430caed00dfbc3f87334275ac0c0631ad007b7.exe,exe,T171B312A52793E167BD1B06186034327FAAC58F347AC43FC9651B34A2BE97F4587C8883,2025-07-16T22:54:57.773753
585024eeb292467bb817818503cb4ca3a300d9a13a3c639aededdab705544614,585024eeb292467bb817818503cb4ca3a300d9a13a3c639aededdab705544614.exe,exe,T1DD863347982AAAD260769C62773D64334B8FC4033F38294B385D87D5E07199176EEF8E,2025-07-16T22:54:58.740795
6def44dc1df43eea7558948636a1198532b41fe64b2aa6f45519a71163b78af5,6def44dc1df43eea7558948636a1198532b41fe64b2aa6f45519a71163b78af5.exe,exe,T12822BFB1724CAA0C856834359F04D5B2CF8FF143A2AB4D687B3813504F2D1EBEA9A3C5,2025-07-16T22:54:59.325259
86edea973affe60210a4d47ed0fe6a501d9430f497d4ec8d41bf0d19eab0aa85,86edea973affe60210a4d47ed0fe6a501d9430f497d4ec8d41bf0d19eab0aa85.exe,exe,T14084239B1A21E9346132741590E207F6A50A9158FFC312DB751D37C8B14EEA326FAEF3,2025-07-16T22:55:00.328116
dc50156f82253ecf0d2cbcbfad5f5cec41c0d56dce7754dc920966cec548112c,dc50156f82253ecf0d2cbcbfad5f5cec41c0d56dce7754dc920966cec548112c.exe,exe,T16C931293AA030EF55E92D544B11D0BFF633640DD85E92FE3E6B099A35A42B4721BC0B3,2025-07-16T22:55:00.892516
dd55d238ff30d685f2f5fa84cdd7a5343963dab0f81cd997cad57507af35df6d,dd55d238ff30d685f2f5fa84cdd7a5343963dab0f81cd997cad57507af35df6d.exe,exe,T1C693121B231B438A2D6E71BE91D61F10352BAE18E7A93951DE3437F31A2C9F2453760E,2025-07-16T22:55:01.346690
f6cbb1abe7383cbe6579a1b73e7631444af9f8b95e1b50032862bd13ba14e091,f6cbb1abe7383cbe6579a1b73e7631444af9f8b95e1b50032862bd13ba14e091.exe,exe,T1F8F20266EE6C8A794B20A9414C9727A31C63B742453B4E1E634D61C2F8CEFC706B57F8,2025-07-16T22:55:01.934280
2b9b5850c0594fb4f19fff7e169d1c30b4a0b77efc39b8df6d97aae43b5ff0c2,2b9b5850c0594fb4f19fff7e169d1c30b4a0b77efc39b8df6d97aae43b5ff0c2.exe,exe,T1DF16336053D45BE086610A461BA066BE6C343BF9BDBF568F8215BDE7F84C301B548B2B,2025-07-16T23:29:39.549338
477a132584b302b2a37e92f9d2ec3c9f6d39458fff13b58d99ee4ec35cb29384,477a132584b302b2a37e92f9d2ec3c9f6d39458fff13b58d99ee4ec35cb29384.exe,exe,T18DC5330778D625DC53841EBC202869FF7A78A5683F021CB8C451C9FE4FEAD8B41967E6,2025-07-16T23:29:40.098674
9e5b1f43af2e7bde0fb7ba414c986d4880ee152e7d4db5d13af0ce82bf17ad2c,9e5b1f43af2e7bde0fb7ba414c986d4880ee152e7d4db5d13af0ce82bf17ad2c.exe,exe,T1FC5533DE3A54A65770018D733B3695A688B4C33FBB817AD1A83C69035EB11F75640B3B,2025-07-16T23:29:40.747632
eaac99f76ca76e0239e3c8d73ed4106fde88f0bd963731ca9d3080fe85db3858,eaac99f76ca76e0239e3c8d73ed4106fde88f0bd963731ca9d3080fe85db3858.exe,exe,T1B85422605C6E6397F5E716DFE44290F2B8DB4D082ADE85116BF9C3C108AB4B50FA864F,2025-07-16T23:29:41.614350
02885088d11eeaf0ce641f961c2e366d0de68b4bcf7f0aaa7fabcaa0046adf14,02885088d11eeaf0ce641f961c2e366d0de68b4bcf7f0aaa7fabcaa0046adf14.exe,exe,T10ED42307B6D44E8F21934BF2B25F0A6908DDAC761D0EA1AF3D7A5F5812744B4184D0EF,2025-07-17T16:35:45.181849
13b9fde848309910a6887ee862b87deed37e4d50e33e09573f203a984597714d,13b9fde848309910a6887ee862b87deed37e4d50e33e09573f203a984597714d.exe,exe,T17445335CB1A871265A2E6BA16233404894FEC2ADC587E17733C73B4112E5CBCD3D5A9B,2025-07-17T16:35:46.270184
29cb227d401066a156162e54567648b52c2bcad46aa46793196bdb8ba95fe639,29cb227d401066a156162e54567648b52c2bcad46aa46793196bdb8ba95fe639.exe,exe,T1FB45334D6088415196E0FE21219E098C675E2FD9304ABBB143D9E7F33BB67FB63B6046,2025-07-17T16:35:47.140687
2f6fa783cef2e5ce3b3ea856ae868ea916d13f63cb2a143dcc1bed95517a9a13,2f6fa783cef2e5ce3b3ea856ae868ea916d13f63cb2a143dcc1bed95517a9a13.exe,exe,T1AEF2023AFD54CA99ABB436F90BBA9F7AE0955E05C7D08F79134CD0119B10F21E789701,2025-07-17T16:35:47.717606
34aac76eadf209001ce997d584e5f94d480438426558d1b2c06eb24087bd03e4,34aac76eadf209001ce997d584e5f94d480438426558d1b2c06eb24087bd03e4.exe,exe,T18E653354ADCC2B64F28EB659AAB583D155169073FCA2F1AFCCFDAB9D1C83B005612313,2025-07-17T16:35:48.577284
61c84169248b3644c64844f24bbd1a6785f702ff200fa06acfd5db441c5bd4d8,61c84169248b3644c64844f24bbd1a6785f702ff200fa06acfd5db441c5bd4d8.exe,exe,T1D345335F82D6DFEC4D0C04F55B4357E322A92D3628ACFBC0A1C35248CB96B9B8F26565,2025-07-17T16:35:50.921419
69274b44cfbf4b08ddb5e26a19f68a9ba7ee66d58a7f3fc5f7a962c0354e1c15,69274b44cfbf4b08ddb5e26a19f68a9ba7ee66d58a7f3fc5f7a962c0354e1c15.exe,exe,T13194231E6B07C7DC2BC95EE7B84D97BA4CB2E3D5042605C05F8324EA49797224E2F5C9,2025-07-17T16:35:51.708204
73792dba17da2a907e6bc01d3d1caf7604b7b73a9747539c79a6d7a1bd05440b,73792dba17da2a907e6bc01d3d1caf7604b7b73a9747539c79a6d7a1bd05440b.exe,exe,T1FA4533EF10BE9E9BD2772035B4199065ACB23E58DEC1EC7526CBC2777D0887462D628C,2025-07-17T16:35:52.325927
79a9c0c64468d950d75b3a0acfe4fac1edb5f22931dffc4164ed57ea83274fb2,79a9c0c64468d950d75b3a0acfe4fac1edb5f22931dffc4164ed57ea83274fb2.exe,exe,T1A945336F0F1CF283C59806F4C36715399E409E718895DBBA29B9AF1B43D2A87BC674C4,2025-07-17T16:35:53.056266
7f14cf5740bb204942ae69690aea4bb17dea9bee17323311a6613c766a716b24,7f14cf5740bb204942ae69690aea4bb17dea9bee17323311a6613c766a716b24.exe,exe,T143A2E001CBB56183D82E0B613C7682A76BB12D4377AA7F36F42591F42E239A05E781F4,2025-07-17T16:35:53.677948
847b84293587a490bc95880253c7bf68ebeb6024179b5f79c2451dda54e66944,847b84293587a490bc95880253c7bf68ebeb6024179b5f79c2451dda54e66944.exe,exe,T1034533E4372E01DF598C968A221F7FD950CC083FE4AD7BA1F95652E00EA6094578A7CF,2025-07-17T16:35:54.594975
918c82ab8f58cdc730927520ef696c842bc0cba84ff787f816dbd7a62711272f,918c82ab8f58cdc730927520ef696c842bc0cba84ff787f816dbd7a62711272f.exe,exe,T1C785336E93CDBBFF2C6B740B9C93832B557516849BD2B10499A0C920B5C1C5BFAF4E84,2025-07-17T16:35:55.408272
97c303a18fb09b2b4f10bcc444fb02857516d9f79a9ad73893f22eed5f140dca,97c303a18fb09b2b4f10bcc444fb02857516d9f79a9ad73893f22eed5f140dca.exe,exe,T13E1533021E464FC367083AE059706B877C9314F53595EA2FA3B804DE1CF9CE697BAA94,2025-07-17T16:35:57.416676
984d63723d3c3556e717c7b885cebcd3f26f2c3b2d9a3113c9a4f03009b1a0aa,984d63723d3c3556e717c7b885cebcd3f26f2c3b2d9a3113c9a4f03009b1a0aa.exe,exe,T19EA2D0745A9BED3001D3CBB8D44F34ED7D426819DE8A72CAC35CF8641E2B26E0D466D6,2025-07-17T16:35:58.051116
9e8c53c359ba5b038d232d80163ff1e00081fa12695b757a2affcfec37aa11c6,9e8c53c359ba5b038d232d80163ff1e00081fa12695b757a2affcfec37aa11c6.exe,exe,T1CC23013F54E8E8F16634111A4760623C74BFEE93BB49BFAF4A0E609727C03845D56E46,2025-07-17T16:35:58.476793
ad8531c90d75f8f817aa757b8fc579f05fb1d7376609b6cefc7e5eb95affebd7,ad8531c90d75f8f817aa757b8fc579f05fb1d7376609b6cefc7e5eb95affebd7.exe,exe,T133C42332B45F250FC3622F3E04A877640C0E3D8A3A75744EAAFD71AD31769566C22DB4,2025-07-17T16:36:09.783181
b2db33fdcb12889bf6f6bd8ce829cfff53261cf5f6f3cb294096708c4c507941,b2db33fdcb12889bf6f6bd8ce829cfff53261cf5f6f3cb294096708c4c507941.exe,exe,T14945338C2634B5EACCB45492F1B450F06348A41D8AA7F8E6D887DB3D2242917F17FF68,2025-07-17T16:36:10.332199
b63fbb37636bf252ec17207c5b33c98d2568b9cc8532c5b53cfa665d290ffa13,b63fbb37636bf252ec17207c5b33c98d2568b9cc8532c5b53cfa665d290ffa13.exe,exe,T1DFD2E119A83B61809FADAD9E1BEEC174DA425142C3C4921FB7372B53CE1B2E15F490F4,2025-07-17T16:36:10.828399
b82ac8dcf2598c05a72710c3e22809bac0354f6570a4eda3b03cd6ec0058ea57,b82ac8dcf2598c05a72710c3e22809bac0354f6570a4eda3b03cd6ec0058ea57.exe,exe,T15B2533E5E7B412F021E43930FD60515CE8C67F9ABFE6D26D5822C4EA41B7986F8324B1,2025-07-17T16:36:11.437287
eddd78b99008eaa35fe8bc5a65d14f3803fd5881374acc9a4d82f7f91b5961ec,eddd78b99008eaa35fe8bc5a65d14f3803fd5881374acc9a4d82f7f91b5961ec.exe,exe,T1524533605D31045B7B22848938CC7A69736990CA55E4B1CF191BF9F69456A332F33E3F,2025-07-17T16:36:17.579758
37fa8226afd30998dbb541e203e1b96a3ae586c80792cb390a336d91c2a4df5c,37fa8226afd30998dbb541e203e1b96a3ae586c80792cb390a336d91c2a4df5c.exe,exe,T198D2F1F33C966CC9584F23270BEA79136FD5D5F6D1D6C81BA4B485B2DDD09728422870,2025-07-17T16:35:48.959370